# Guney(0), Kuzey(1), Dogu(2), Bati(3), YolcuAl(4), YolcuBirak(5)
0.0000,0.0000,0.0000,0.0000,0.0000,0.0000
-2.5855,-2.5740,-2.5834,-2.5765,-2.5042,-11.4337
-1.9558,-2.2131,-2.3639,-1.6277,-0.5789,-9.6994
-2.5208,-2.5012,-2.5083,-2.3721,-2.1366,-9.9006
-2.5630,-2.5324,-2.5621,-2.5324,-2.5042,-9.4028
-2.6168,-2.6169,-2.6167,-2.6169,-7.0000,-7.0000
0.0000,0.0000,0.0000,0.0000,0.0000,0.0000
-2.6154,-2.6159,-2.6156,-2.6158,-11.0190,-10.9392
-2.6074,-2.6077,-2.6075,-2.6081,-9.4028,-11.1769
-2.6114,-2.6126,-2.6115,-2.6126,-11.3223,-9.9384
-2.3226,-2.5487,-2.5451,-2.5435,-10.0859,-10.0245
-2.5747,-2.5998,-2.6018,-2.5998,-7.0000,-7.0000
0.0000,0.0000,0.0000,0.0000,0.0000,0.0000
-2.4340,-2.5552,-2.5571,-2.5538,-7.0000,-10.5746
-2.5744,-2.5846,-2.5793,-2.5768,-9.8359,-10.3728
-2.6012,-2.6046,-2.6012,-2.6055,-11.2738,-7.0000
-2.5744,-2.5901,-2.5926,-2.5907,-7.0000,-9.4937
-2.5909,-2.5932,-2.5744,-2.5906,-10.9762,-10.4067
0.0000,0.0000,0.0000,0.0000,0.0000,0.0000
-2.5034,-2.5324,-2.5016,-2.5171,-10.8605,-7.0000
-2.6168,-2.6169,-2.6168,-2.6169,-10.5890,-10.5615
-2.6114,-2.6119,-2.6114,-2.6117,-7.0000,-10.0328
-2.6152,-2.6150,-2.6152,-2.6150,-9.9026,-10.4121
-2.5940,-2.5950,-2.5910,-2.5998,-7.0000,-11.1591
0.0000,0.0000,0.0000,0.0000,0.0000,0.0000
-0.9100,10.2746,3.1979,11.3300,2.2842,20.0000
-2.5094,-2.5429,-2.4340,-2.5508,-11.2265,-2.5487
0.6814,-2.1259,-2.0763,-2.0654,-9.5261,-2.1678
-1.8391,-2.4006,-2.3889,-2.4244,-9.9757,-2.4374
-2.4340,-2.5012,-2.4766,-2.5058,-7.0000,-2.5351
0.0000,0.0000,0.0000,0.0000,0.0000,0.0000
-2.5899,-2.5888,-2.5898,-2.5476,-10.9039,-9.7872
-2.4060,-2.3213,-2.3149,-1.3578,-10.8764,-7.0000
-2.5265,-2.5324,-2.5451,-2.3205,-9.4028,-7.0000
-2.5693,-2.5641,-2.5720,-2.5476,-10.4121,-10.1776
-2.6163,-2.6163,-2.6166,-2.6166,-10.4121,-10.7148
0.0000,0.0000,0.0000,0.0000,0.0000,0.0000
-2.6139,-2.6150,-2.6150,-2.6155,-10.9502,-11.0522
-2.6012,-2.6062,-2.6060,-2.6057,-9.7872,-9.7872
-2.6076,-2.6113,-2.6115,-2.6094,-9.4028,-7.0000
-2.4369,-2.5440,-2.5552,-2.5430,-10.1237,-11.2723
-2.5914,-2.6018,-2.6029,-2.6001,-9.7300,-10.6296
0.0000,0.0000,0.0000,0.0000,0.0000,0.0000
-2.5045,-2.5621,-2.5580,-2.5162,-7.0000,-7.0000
-2.5894,-2.5893,-2.5933,-2.5902,-10.9802,-10.8193
-2.5910,-2.6003,-2.5998,-2.5964,-10.6163,-10.6259
-2.5476,-2.5932,-2.5929,-2.5892,-7.0000,-10.0574
-2.5476,-2.5959,-2.5932,-2.5905,-11.1357,-11.0273
0.0000,0.0000,0.0000,0.0000,0.0000,0.0000
-2.4340,-2.4587,-2.4656,-2.4598,-9.4937,-10.7423
-2.6163,-2.6164,-2.6167,-2.6165,-10.9854,-11.1582
-2.6076,-2.6081,-2.6101,-2.6104,-7.0000,-10.8839
-2.6139,-2.6147,-2.6150,-2.6150,-9.7872,-10.8160
-2.5744,-2.5932,-2.5943,-2.5882,-11.0412,-10.6283
0.0000,0.0000,0.0000,0.0000,0.0000,0.0000
-1.2128,-0.7000,-0.7000,10.8008,-7.0000,-7.0000
-2.3204,-2.5362,-2.5299,-2.5327,-9.1000,-7.0000
-2.0353,-1.9463,-2.0654,-2.0025,-9.6601,-7.0000
-2.3527,-2.3635,-2.3730,-2.3820,-7.0000,-7.0000
-2.3724,-2.4587,-2.4587,-2.4257,-7.0000,-7.0000
0.0000,0.0000,0.0000,0.0000,0.0000,0.0000
-2.6171,-2.6171,-2.6169,-2.6169,-10.4239,-11.1178
-2.6110,-2.6107,-2.6013,-2.6107,-9.9190,-10.8446
-2.6144,-2.6151,-2.6139,-2.6145,-10.4437,-11.0471
-2.6169,-2.6168,-2.6168,-2.6170,-7.0000,-7.0000
-2.5799,-2.5842,-2.5744,-2.5806,-9.1000,-10.2418
0.0000,0.0000,0.0000,0.0000,0.0000,0.0000
-2.5790,-2.5720,-2.5105,-2.5720,-7.0000,-7.0000
-2.4761,-2.4587,-2.1366,-2.4587,-7.0000,-7.0000
-2.5012,-2.5012,-2.3208,-2.5012,-10.5080,-10.9503
-2.6080,-2.6074,-2.5745,-2.6070,-10.0898,-10.9513
-2.6140,-2.6144,-2.6115,-2.6148,-10.8189,-10.6937
0.0000,0.0000,0.0000,0.0000,0.0000,0.0000
-2.6031,-2.6046,-2.5910,-2.6066,-9.6994,-9.5209
-2.6123,-2.6124,-2.6115,-2.6125,-10.9499,-11.1556
-2.5857,-2.5901,-2.5745,-2.5866,-10.8614,-7.0000
-2.5770,-2.5744,-2.5059,-2.5770,-10.2084,-10.0766
-2.5828,-2.5785,-2.5058,-2.5720,-9.4028,-9.1000
0.0000,0.0000,0.0000,0.0000,0.0000,0.0000
-2.4425,-2.4587,-2.3211,-2.4587,-7.0000,-7.0000
-2.6153,-2.6153,-2.6152,-2.6155,-10.8250,-10.3930
-2.5998,-2.5998,-2.5995,-2.5998,-7.0000,-7.0000
-2.6128,-2.6126,-2.6113,-2.6126,-7.0000,-10.2247
-2.5621,-2.5552,-2.5476,-2.5580,-11.0186,-10.8679
0.0000,0.0000,0.0000,0.0000,0.0000,0.0000
-2.4244,-2.4587,-2.4610,-2.4587,-7.0000,-7.0000
-1.2128,-1.2128,-1.3037,-0.7000,-7.0000,-7.0000
-2.4587,-2.4587,-2.4668,-2.4587,-9.4028,-10.8448
-1.8637,-1.8637,-2.0596,-1.8637,-7.0000,-9.4028
-2.2574,-2.2131,-2.2554,-2.2131,-7.0000,-7.0000
0.0000,0.0000,0.0000,0.0000,0.0000,0.0000
-2.6163,-2.6165,-2.6166,-2.6165,-10.3723,-9.7561
-2.5910,-2.6054,-2.6055,-2.6097,-10.8272,-10.5553
-2.6115,-2.6132,-2.6131,-2.6133,-9.1000,-10.0508
-2.6163,-2.6167,-2.6166,-2.6163,-7.0000,-10.3779
-2.5659,-2.5720,-2.5476,-2.5843,-10.4121,-7.0000
0.0000,0.0000,0.0000,0.0000,0.0000,0.0000
-2.5563,-2.5552,-2.4340,-2.5609,-7.0000,-10.8582
-2.4137,-2.4006,-1.8391,-2.4008,-9.4028,-10.8311
-2.4389,-2.4587,-2.1366,-2.4601,-10.7659,-9.4028
-2.5476,-2.5996,-2.5992,-2.6055,-9.7300,-11.1912
-2.6076,-2.6134,-2.6126,-2.6125,-9.1000,-7.0000
0.0000,0.0000,0.0000,0.0000,0.0000,0.0000
-2.5744,-2.6003,-2.6021,-2.6002,-7.0000,-10.6443
-2.6076,-2.6096,-2.6090,-2.6076,-10.5302,-11.1090
-2.5476,-2.5842,-2.5806,-2.5757,-10.9294,-9.9063
-2.4340,-2.5591,-2.5459,-2.5510,-10.5362,-10.9182
-2.4340,-2.5670,-2.5549,-2.5598,-9.8699,-10.7338
0.0000,0.0000,0.0000,0.0000,0.0000,0.0000
-2.1366,-2.3277,-2.3983,-2.4006,-9.4028,-7.0000
-2.6138,-2.6144,-2.6138,-2.6152,-11.3884,-10.9204
-2.5909,-2.5965,-2.5909,-2.5947,-10.2547,-7.0000
-2.6076,-2.6081,-2.6076,-2.6095,-10.4687,-7.0000
-2.5042,-2.5473,-2.5312,-2.5514,-7.0000,-9.4937
0.0000,0.0000,0.0000,0.0000,0.0000,0.0000
-2.3642,-2.4587,-2.4694,-2.4555,-7.0000,-9.4028
-1.2128,-1.3667,11.2604,-0.9100,-7.0000,-7.0000
-1.8709,-2.4470,-2.4498,-2.4589,-10.5080,-7.0000
-0.8546,-2.0654,-2.0284,-2.0387,-7.0000,-7.0000
-2.0089,-2.1952,-2.2660,-2.2198,-7.0000,-9.8242
0.0000,0.0000,0.0000,0.0000,0.0000,0.0000
-2.6169,-2.6169,-2.6170,-2.6169,-10.8939,-9.4937
-2.6068,-2.6060,-2.6060,-2.6012,-10.6090,-11.1858
-2.6139,-2.6145,-2.6143,-2.6139,-10.3127,-11.1368
-2.6168,-2.6170,-2.6170,-2.6169,-10.4437,-9.4028
-2.5652,-2.5442,-2.5444,-2.5635,-2.5042,-11.1477
0.0000,0.0000,0.0000,0.0000,0.0000,0.0000
-2.5432,-2.5417,-2.5167,-2.5236,-2.3204,-10.4437
-2.3223,-2.3213,-2.1887,-2.2596,-1.3578,-9.6793
-2.4464,-2.4006,-2.4196,-2.3471,-1.8391,-11.0522
-2.5744,-2.5960,-2.5974,-2.6024,-7.0000,-10.1716
-2.6134,-2.6138,-2.6149,-2.6115,-7.0000,-7.0000
0.0000,0.0000,0.0000,0.0000,0.0000,0.0000
-2.5910,-2.6025,-2.6028,-2.6029,-7.0000,-10.9428
-2.6114,-2.6122,-2.6117,-2.6114,-10.0021,-11.1485
-2.5744,-2.5842,-2.5929,-2.5821,-9.4028,-7.0000
-2.5042,-2.5185,-2.5144,-2.5352,-9.7990,-7.0000
-2.5591,-2.5624,-2.5596,-2.5042,-10.1907,-10.9238
0.0000,0.0000,0.0000,0.0000,0.0000,0.0000
-2.3204,-2.4006,-2.3226,-2.3640,-7.0000,-9.9021
-2.6115,-2.6121,-2.6115,-2.6124,-11.1826,-10.8853
-2.5744,-2.5842,-2.5758,-2.5917,-9.9863,-7.0000
-2.6022,-2.6046,-2.6012,-2.6025,-7.0000,-9.4028
-2.4341,-2.4925,-2.5039,-2.5215,-9.4028,-10.7659
0.0000,0.0000,0.0000,0.0000,0.0000,0.0000
-2.4340,-2.5178,-2.4979,-2.4895,-10.6730,-2.5093
-0.7000,10.2746,5.3255,5.1285,1.2840,20.0000
-2.1366,-2.4719,-2.5033,-2.2816,-9.9212,-2.5099
-0.5789,-2.0540,-2.0941,-2.0798,-9.3504,-2.2231
-1.3578,-1.9694,-2.2510,-2.2798,-9.6874,-2.3706
0.0000,0.0000,0.0000,0.0000,0.0000,0.0000
-2.6172,-2.6172,-2.6173,-2.6172,-9.1000,-10.6323
-2.6085,-2.6093,-2.6092,-2.6076,-7.0000,-9.4937
-2.6152,-2.6154,-2.6152,-2.6153,-9.6519,-10.1237
-2.6172,-2.6172,-2.6171,-2.6171,-10.7573,-7.0000
-2.5770,-2.5720,-2.5663,-2.5476,-9.9439,-9.4028
0.0000,0.0000,0.0000,0.0000,0.0000,0.0000
-2.5600,-2.5621,-2.5552,-2.4372,-10.9378,-9.9935
-2.3590,-2.3565,-2.3804,-1.8391,-10.2547,-9.1000
-2.4860,-2.4761,-2.4342,-2.1366,-9.7387,-9.8853
-2.5910,-2.5995,-2.5998,-2.6002,-10.0238,-11.2929
-2.6139,-2.6148,-2.6140,-2.6142,-9.9738,-7.0000
0.0000,0.0000,0.0000,0.0000,0.0000,0.0000
-2.6063,-2.6065,-2.6067,-2.6014,-10.7781,-10.1040
-2.6127,-2.6136,-2.6124,-2.6132,-10.4308,-10.5712
-2.5909,-2.5959,-2.5932,-2.5907,-11.0132,-7.0000
-2.5465,-2.5621,-2.5539,-2.5472,-10.2145,-10.2690
-2.5673,-2.5621,-2.5667,-2.5476,-10.1237,-9.4937
0.0000,0.0000,0.0000,0.0000,0.0000,0.0000
-2.4334,-2.4587,-2.4587,-2.4338,-9.9122,-7.0000
-2.6076,-2.6096,-2.6089,-2.6096,-11.3559,-11.4244
-2.5476,-2.5720,-2.5597,-2.5709,-9.4028,-9.4028
-2.5910,-2.5998,-2.6004,-2.5995,-9.9063,-11.1420
-2.3205,-2.5012,-2.5065,-2.5137,-10.4437,-9.4937
0.0000,0.0000,0.0000,0.0000,0.0000,0.0000
-2.4776,-2.4840,-2.5012,-2.4638,-7.0000,-9.4028
-1.2128,-1.2128,-1.2128,11.2413,-7.0000,-7.0000
-2.3903,-2.4673,-2.4812,-2.4918,-9.6247,-7.0000
-2.1043,-2.0654,-2.0366,-2.0663,-9.9209,-7.0000
-2.1878,-2.2574,-2.2131,-2.1989,-9.1000,-7.0000
0.0000,0.0000,0.0000,0.0000,0.0000,0.0000
-2.5940,-2.5476,-2.5895,-2.5804,-11.2722,-7.0000
-2.1567,-1.3578,-2.3648,-2.3616,-10.4580,-10.4868
-2.5319,-2.3204,-2.5216,-2.5324,-7.0000,-7.0000
-2.5716,-2.5476,-2.5632,-2.5713,-11.4802,-10.1892
-2.6163,-2.6165,-2.6163,-2.6163,-10.5669,-9.6912
0.0000,0.0000,0.0000,0.0000,0.0000,0.0000
-2.6144,-2.6148,-2.6139,-2.6143,-9.7872,-10.7694
-2.6012,-2.6019,-2.6017,-2.6032,-11.0639,-10.0724
-2.6091,-2.6113,-2.6076,-2.6095,-7.0000,-9.9985
-2.1366,-2.5112,-2.5266,-2.5012,-10.9761,-7.0000
-2.5476,-2.6010,-2.5973,-2.5998,-7.0000,-7.0000
0.0000,0.0000,0.0000,0.0000,0.0000,0.0000
-2.3204,-2.5255,-2.5180,-2.4635,-9.7300,-10.8812
-2.5476,-2.5659,-2.5568,-2.5641,-7.0000,-11.0860
-2.5920,-2.5990,-2.5910,-2.5932,-10.7975,-9.4028
-2.5476,-2.5760,-2.5754,-2.5842,-7.0000,-9.1000
-2.5476,-2.5898,-2.5802,-2.5837,-10.9451,-11.4469
0.0000,0.0000,0.0000,0.0000,0.0000,0.0000
-2.4444,-2.4889,-2.4340,-2.4761,-9.6912,-7.0000
-2.6163,-2.6165,-2.6163,-2.6165,-11.2627,-9.1000
-2.6076,-2.6089,-2.6076,-2.6097,-7.0000,-9.4028
-2.6139,-2.6143,-2.6139,-2.6140,-9.8853,-7.0000
-2.5744,-2.5844,-2.5856,-2.5868,-11.3065,-10.7072
0.0000,0.0000,0.0000,0.0000,0.0000,0.0000
1.3765,11.3600,-1.4977,3.7905,-5.1500,-3.1822
-2.3419,-2.5380,-2.5017,-2.5012,-9.4028,-7.0000
2.7207,-0.9860,-2.0174,-1.7012,-10.1237,-9.4028
-1.3578,-2.3457,-2.2966,-2.3213,-10.6867,-10.5050
-2.3204,-2.4896,-2.3986,-2.4244,-10.1038,-11.1330
0.0000,0.0000,0.0000,0.0000,0.0000,0.0000
-2.5963,-2.5744,-2.5975,-2.5956,-11.0098,-9.7305
-2.3927,-1.9258,-2.4006,-1.8391,-10.3455,-10.2418
-2.5384,-2.5474,-2.5417,-2.4340,-11.2166,-7.0000
-2.5921,-2.5744,-2.5770,-2.5776,-7.0000,-10.1237
-2.6154,-2.6161,-2.6157,-2.6157,-10.5368,-7.0000
0.0000,0.0000,0.0000,0.0000,0.0000,0.0000
-2.6115,-2.6137,-2.6134,-2.6143,-11.3776,-11.3713
-2.5910,-2.6050,-2.6018,-2.5969,-7.0000,-10.9063
-2.6012,-2.6054,-2.6081,-2.6064,-7.0000,-10.6144
-2.3204,-2.5309,-2.5288,-2.5329,-9.1000,-9.9798
-2.5981,-2.5999,-2.5998,-2.5744,-7.0000,-7.0000
0.0000,0.0000,0.0000,0.0000,0.0000,0.0000
-2.5199,-2.5376,-2.5282,-2.4340,-7.0000,-10.9594
-2.5744,-2.5803,-2.5799,-2.5744,-10.9326,-9.8242
-2.5744,-2.5881,-2.5932,-2.5897,-7.0000,-10.7664
-2.5042,-2.5886,-2.5837,-2.5834,-9.6247,-9.8514
-2.5042,-2.5898,-2.5807,-2.5823,-11.1690,-11.2511
0.0000,0.0000,0.0000,0.0000,0.0000,0.0000
-2.3204,-2.4295,-2.4244,-2.4030,-10.9172,-11.0653
-2.6154,-2.6157,-2.6156,-2.6159,-9.9148,-10.5751
-2.6012,-2.6014,-2.6044,-2.6045,-9.1000,-7.0000
-2.6115,-2.6122,-2.6126,-2.6134,-7.0000,-10.0328
-2.5476,-2.5858,-2.5890,-2.5833,-10.0275,-11.3983
0.0000,0.0000,0.0000,0.0000,0.0000,0.0000
0.4995,1.1107,1.4279,6.0205,-6.2988,-6.4955
-2.1366,-2.4525,-2.5012,-2.4782,-7.0000,-10.0243
-1.8887,-1.9381,-1.8637,-0.0728,-7.0000,-7.0000
-2.2948,-2.2767,-2.3213,-2.3154,-9.5338,-7.0000
-2.1632,-2.3911,-2.3753,-2.3605,-7.0000,-7.0000
0.0000,0.0000,0.0000,0.0000,0.0000,0.0000
0.0000,0.0000,0.0000,0.0000,0.0000,0.0000
0.0000,0.0000,0.0000,0.0000,0.0000,0.0000
0.0000,0.0000,0.0000,0.0000,0.0000,0.0000
0.0000,0.0000,0.0000,0.0000,0.0000,0.0000
0.0000,0.0000,0.0000,0.0000,0.0000,0.0000
0.0000,0.0000,0.0000,0.0000,0.0000,0.0000
0.0000,0.0000,0.0000,0.0000,0.0000,0.0000
0.0000,0.0000,0.0000,0.0000,0.0000,0.0000
0.0000,0.0000,0.0000,0.0000,0.0000,0.0000
0.0000,0.0000,0.0000,0.0000,0.0000,0.0000
0.0000,0.0000,0.0000,0.0000,0.0000,0.0000
0.0000,0.0000,0.0000,0.0000,0.0000,0.0000
0.0000,0.0000,0.0000,0.0000,0.0000,0.0000
0.0000,0.0000,0.0000,0.0000,0.0000,0.0000
0.0000,0.0000,0.0000,0.0000,0.0000,0.0000
0.0000,0.0000,0.0000,0.0000,0.0000,0.0000
0.0000,0.0000,0.0000,0.0000,0.0000,0.0000
0.0000,0.0000,0.0000,0.0000,0.0000,0.0000
0.0000,0.0000,0.0000,0.0000,0.0000,0.0000
0.0000,0.0000,0.0000,0.0000,0.0000,0.0000
0.0000,0.0000,0.0000,0.0000,0.0000,0.0000
0.0000,0.0000,0.0000,0.0000,0.0000,0.0000
0.0000,0.0000,0.0000,0.0000,0.0000,0.0000
0.0000,0.0000,0.0000,0.0000,0.0000,0.0000
0.0000,0.0000,0.0000,0.0000,0.0000,0.0000
0.0000,0.0000,0.0000,0.0000,0.0000,0.0000
0.0000,0.0000,0.0000,0.0000,0.0000,0.0000
0.0000,0.0000,0.0000,0.0000,0.0000,0.0000
0.0000,0.0000,0.0000,0.0000,0.0000,0.0000
0.0000,0.0000,0.0000,0.0000,0.0000,0.0000
-2.6154,-2.6155,-2.6161,-2.6159,-11.3573,-10.8614
-2.5744,-2.6003,-2.6041,-2.6009,-10.2547,-10.5336
-2.6076,-2.6118,-2.6116,-2.6121,-9.5291,-10.4580
-2.6154,-2.6162,-2.6156,-2.6158,-9.1000,-11.1449
-2.5822,-2.5744,-2.5798,-2.5842,-9.4937,-7.0000
0.0000,0.0000,0.0000,0.0000,0.0000,0.0000
-2.5664,-2.5710,-2.5058,-2.5621,-7.0000,-11.3180
-2.4779,-2.1390,-2.4398,-2.4587,-7.0000,-7.0000
-2.4757,-2.3204,-2.4754,-2.4466,-9.4028,-9.4028
-2.5042,-2.5972,-2.5900,-2.5962,-9.4028,-11.3748
-2.6012,-2.6114,-2.6119,-2.6123,-9.7300,-7.0000
0.0000,0.0000,0.0000,0.0000,0.0000,0.0000
-2.5476,-2.5903,-2.5902,-2.5932,-10.7714,-10.7204
-2.6012,-2.6026,-2.6023,-2.6046,-7.0000,-10.6247
-2.5042,-2.5741,-2.5757,-2.5770,-9.6912,-10.0197
-2.3204,-2.5234,-2.5102,-2.5190,-9.9338,-10.7871
-2.3204,-2.5469,-2.5426,-2.5399,-7.0000,-10.7832
0.0000,0.0000,0.0000,0.0000,0.0000,0.0000
-1.8391,-2.3121,-2.2851,-2.3538,-7.0000,-7.0000
-2.6114,-2.6134,-2.6114,-2.6128,-10.7959,-10.9797
-2.5744,-2.5909,-2.5771,-2.5842,-7.0000,-7.0000
-2.6012,-2.6073,-2.6016,-2.6032,-7.0000,-9.6247
-2.4837,-2.5250,-2.4340,-2.5008,-7.0000,-9.6247
0.0000,0.0000,0.0000,0.0000,0.0000,0.0000
-2.1366,-2.3957,-2.4246,-2.3440,-7.0000,-10.1237
-1.6632,2.2035,-1.4575,-1.5885,-7.0000,-7.0000
-1.3578,-2.3686,-2.2075,-1.9838,-9.4937,-9.4028
2.5410,-1.7972,-1.8071,-1.8637,-7.0000,-7.0000
-1.4263,-2.0336,-2.0683,-2.1440,-9.1000,-7.0000
0.0000,0.0000,0.0000,0.0000,0.0000,0.0000
-2.6163,-2.6164,-2.6163,-2.6163,-10.5912,-9.6247
-2.5910,-2.6017,-2.6017,-2.6048,-10.9113,-9.4937
-2.6115,-2.6137,-2.6124,-2.6125,-7.0000,-9.1000
-2.6163,-2.6166,-2.6166,-2.6163,-10.4035,-11.1684
-2.5820,-2.5476,-2.5677,-2.5742,-11.3101,-7.0000
0.0000,0.0000,0.0000,0.0000,0.0000,0.0000
-2.5502,-2.4340,-2.5522,-2.5652,-7.0000,-11.3014
-2.3681,-1.8391,-2.3990,-2.4400,-7.0000,-9.8956
-2.4667,-2.1366,-2.4985,-2.4540,-10.6247,-10.0279
-2.5476,-2.5906,-2.5860,-2.5927,-10.8478,-10.8345
-2.6076,-2.6129,-2.6127,-2.6121,-10.7769,-7.0000
0.0000,0.0000,0.0000,0.0000,0.0000,0.0000
-2.5979,-2.5963,-2.6006,-2.5744,-10.4121,-11.3044
-2.6075,-2.6095,-2.6089,-2.6075,-11.0533,-7.0000
-2.5476,-2.5619,-2.5731,-2.5660,-7.0000,-7.0000
-2.4340,-2.4816,-2.4627,-2.5038,-9.4028,-9.4028
-2.4435,-2.5565,-2.5511,-2.5446,-9.7300,-9.1000
0.0000,0.0000,0.0000,0.0000,0.0000,0.0000
-2.1366,-2.2106,-2.2254,-2.2715,-9.7872,-10.0024
-2.6076,-2.6081,-2.6081,-2.6104,-10.5229,-11.0320
-2.5631,-2.5682,-2.5476,-2.5764,-7.0000,-10.2218
-2.5910,-2.5953,-2.5973,-2.5988,-10.3728,-9.8160
-2.4517,-2.4588,-2.3204,-2.4986,-7.0000,-9.4028
0.0000,0.0000,0.0000,0.0000,0.0000,0.0000
-2.4494,-2.4838,-2.4108,-2.3204,-7.0000,-9.4028
2.6860,11.3600,2.5389,-1.4347,-4.9065,-3.0881
-2.3754,-2.3624,-2.4469,-1.8391,-10.9617,-10.5901
0.6814,-1.8910,-2.0536,-1.8694,-7.0000,-9.5631
-0.5789,-2.0448,-2.0560,-2.1827,-9.6519,-7.0000
0.0000,0.0000,0.0000,0.0000,0.0000,0.0000
-2.6169,-2.6172,-2.6170,-2.6169,-10.9135,-10.4164
-2.6047,-2.6086,-2.6048,-2.6013,-10.7286,-10.6360
-2.6138,-2.6149,-2.6145,-2.6138,-11.0582,-9.1000
-2.6169,-2.6170,-2.6170,-2.6169,-10.2690,-11.4335
-2.5875,-2.5801,-2.5808,-2.5744,-10.5659,-7.0000
0.0000,0.0000,0.0000,0.0000,0.0000,0.0000
-2.5696,-2.5669,-2.5621,-2.5042,-10.7368,-11.0850
-2.4342,-2.1367,-2.4244,-2.4085,-9.4937,-7.0000
-2.5117,-2.3223,-2.5012,-2.5069,-7.0000,-11.1971
-2.5904,-2.5925,-2.5886,-2.5744,-11.3687,-11.0754
-2.6128,-2.6133,-2.6126,-2.6115,-9.7300,-7.0000
0.0000,0.0000,0.0000,0.0000,0.0000,0.0000
-2.6018,-2.6059,-2.6033,-2.5910,-11.1076,-10.2772
-2.6112,-2.6119,-2.6123,-2.6112,-9.6912,-10.4121
-2.5802,-2.5895,-2.5842,-2.5744,-7.0000,-9.4028
-2.5227,-2.5307,-2.5116,-2.5042,-11.0883,-10.7102
-2.5047,-2.5654,-2.5552,-2.5456,-9.1000,-9.7300
0.0000,0.0000,0.0000,0.0000,0.0000,0.0000
-2.3204,-2.3686,-2.3213,-2.3218,-7.0000,-9.1000
-2.6012,-2.6050,-2.6046,-2.6067,-11.2041,-9.4028
-2.5042,-2.5652,-2.5552,-2.5558,-7.0000,-7.0000
-2.5744,-2.5966,-2.5932,-2.5958,-7.0000,-7.0000
-2.1366,-2.4148,-2.4301,-2.4624,-9.7112,-7.0000
0.0000,0.0000,0.0000,0.0000,0.0000,0.0000
-2.4692,-2.4524,-2.4587,-2.4571,-7.0000,-7.0000
-1.3309,-1.2758,-1.2128,6.0167,-7.0000,-7.0000
-2.4254,-2.4169,-2.4006,-2.1581,-7.0000,-9.4028
-1.8894,-2.1215,-2.0654,-0.9693,-9.4028,-7.0000
-2.0480,-1.9705,-2.0654,-1.7674,-7.0000,-7.0000
0.0000,0.0000,0.0000,0.0000,0.0000,0.0000
-2.5993,-2.5744,-2.5990,-2.5952,-11.2987,-9.1000
-2.4803,-1.8391,-2.3502,-2.4384,-9.1000,-10.9775
-2.5559,-2.4340,-2.5563,-2.5641,-10.7830,-11.4374
-2.5797,-2.5744,-2.5798,-2.5824,-7.0000,-10.0603
-2.6154,-2.6154,-2.6154,-2.6158,-7.0000,-11.1573
0.0000,0.0000,0.0000,0.0000,0.0000,0.0000
-2.6127,-2.6127,-2.6115,-2.6126,-11.0573,-9.1000
-2.5910,-2.5976,-2.5970,-2.5954,-7.0000,-9.5209
-2.6012,-2.6091,-2.6054,-2.6068,-11.0126,-7.0000
-1.8391,-2.4906,-2.4947,-2.4947,-10.6165,-10.8179
-2.5042,-2.5880,-2.5942,-2.5932,-7.0000,-10.6937
0.0000,0.0000,0.0000,0.0000,0.0000,0.0000
-2.1366,-2.4820,-2.4996,-2.4946,-11.0933,-7.0000
-2.5042,-2.5534,-2.5398,-2.5273,-10.2145,-10.4499
-2.5833,-2.5824,-2.5744,-2.5826,-9.4028,-11.0911
-2.5640,-2.5767,-2.5042,-2.5720,-7.0000,-9.1000
-2.5042,-2.5754,-2.5736,-2.5722,-10.6132,-10.8493
0.0000,0.0000,0.0000,0.0000,0.0000,0.0000
-2.3728,-2.4469,-2.3204,-2.3884,-10.3455,-11.0377
-2.6154,-2.6154,-2.6154,-2.6157,-11.5053,-9.4028
-2.6016,-2.6037,-2.6012,-2.6046,-7.0000,-7.0000
-2.6115,-2.6132,-2.6119,-2.6119,-9.4028,-10.3728
-2.5476,-2.5862,-2.5794,-2.5861,-11.0636,-7.0000
0.0000,0.0000,0.0000,0.0000,0.0000,0.0000
-1.7678,6.0205,-1.6074,-1.5885,-10.4785,-10.5977
-2.4458,-2.5013,-2.1409,-2.4587,-7.0000,-7.0000
6.0205,-1.6551,-0.4218,-1.5885,-6.4955,-7.0000
-0.5789,-2.2635,-2.2280,-2.2072,-10.4505,-7.0000
-2.1366,-2.3907,-2.3430,-2.3241,-7.0000,-7.0000
0.0000,0.0000,0.0000,0.0000,0.0000,0.0000
-2.5998,-2.5920,-2.6025,-2.5910,-11.1376,-10.8408
-2.4466,-2.1366,-2.4761,-2.4685,-10.6741,-11.1940
-2.5640,-2.5042,-2.5695,-2.5639,-10.7759,-9.7300
-2.5946,-2.5913,-2.5968,-2.5910,-7.0000,-11.1030
-2.6139,-2.6154,-2.6147,-2.6148,-11.1047,-10.8614
0.0000,0.0000,0.0000,0.0000,0.0000,0.0000
-2.6076,-2.6117,-2.6107,-2.6126,-10.0328,-10.9421
-2.5744,-2.5933,-2.5924,-2.5954,-9.6247,-9.6519
-2.5910,-2.6020,-2.6046,-2.6047,-10.9415,-9.1000
-2.4974,-2.5215,-2.5013,-2.1366,-11.2105,-10.8432
-2.5476,-2.5975,-2.5970,-2.5914,-10.1283,-10.4396
0.0000,0.0000,0.0000,0.0000,0.0000,0.0000
-2.5175,-2.5017,-2.5324,-2.3770,-10.4580,-7.0000
-2.5476,-2.5562,-2.5590,-2.5476,-9.7479,-10.5142
-2.5476,-2.5790,-2.5785,-2.5846,-10.3127,-11.4316
-2.4340,-2.5627,-2.5526,-2.5505,-10.1237,-9.6247
-2.4340,-2.5710,-2.5641,-2.5706,-10.4699,-11.1189
0.0000,0.0000,0.0000,0.0000,0.0000,0.0000
-2.1366,-2.3710,-2.3538,-2.3397,-11.1608,-7.0000
-2.6139,-2.6152,-2.6148,-2.6147,-10.5245,-11.0916
-2.5910,-2.5936,-2.5998,-2.5991,-9.1000,-10.0130
-2.6076,-2.6105,-2.6112,-2.6097,-10.0927,-9.4028
-2.5042,-2.5768,-2.5692,-2.5819,-9.9927,-10.6549
0.0000,0.0000,0.0000,0.0000,0.0000,0.0000
-0.9698,2.7207,-0.0448,2.3187,-8.8329,-8.3098
-1.8391,-2.3644,-2.2240,-2.4373,-10.8858,-10.5256
2.4148,-1.8365,-1.5885,-1.5885,-7.0000,-7.0000
0.6008,-2.1642,-2.2131,-2.2923,-7.0000,-7.0000
-1.8442,-2.3546,-2.3213,-2.2282,-9.4028,-7.0000
0.0000,0.0000,0.0000,0.0000,0.0000,0.0000
0.0000,0.0000,0.0000,0.0000,0.0000,0.0000
0.0000,0.0000,0.0000,0.0000,0.0000,0.0000
0.0000,0.0000,0.0000,0.0000,0.0000,0.0000
0.0000,0.0000,0.0000,0.0000,0.0000,0.0000
0.0000,0.0000,0.0000,0.0000,0.0000,0.0000
0.0000,0.0000,0.0000,0.0000,0.0000,0.0000
0.0000,0.0000,0.0000,0.0000,0.0000,0.0000
0.0000,0.0000,0.0000,0.0000,0.0000,0.0000
0.0000,0.0000,0.0000,0.0000,0.0000,0.0000
0.0000,0.0000,0.0000,0.0000,0.0000,0.0000
0.0000,0.0000,0.0000,0.0000,0.0000,0.0000
0.0000,0.0000,0.0000,0.0000,0.0000,0.0000
0.0000,0.0000,0.0000,0.0000,0.0000,0.0000
0.0000,0.0000,0.0000,0.0000,0.0000,0.0000
0.0000,0.0000,0.0000,0.0000,0.0000,0.0000
0.0000,0.0000,0.0000,0.0000,0.0000,0.0000
0.0000,0.0000,0.0000,0.0000,0.0000,0.0000
0.0000,0.0000,0.0000,0.0000,0.0000,0.0000
0.0000,0.0000,0.0000,0.0000,0.0000,0.0000
0.0000,0.0000,0.0000,0.0000,0.0000,0.0000
0.0000,0.0000,0.0000,0.0000,0.0000,0.0000
0.0000,0.0000,0.0000,0.0000,0.0000,0.0000
0.0000,0.0000,0.0000,0.0000,0.0000,0.0000
0.0000,0.0000,0.0000,0.0000,0.0000,0.0000
0.0000,0.0000,0.0000,0.0000,0.0000,0.0000
0.0000,0.0000,0.0000,0.0000,0.0000,0.0000
0.0000,0.0000,0.0000,0.0000,0.0000,0.0000
0.0000,0.0000,0.0000,0.0000,0.0000,0.0000
0.0000,0.0000,0.0000,0.0000,0.0000,0.0000
0.0000,0.0000,0.0000,0.0000,0.0000,0.0000
-2.6139,-2.6155,-2.6159,-2.6147,-9.9219,-11.4228
-2.5476,-2.5982,-2.5949,-2.5932,-10.9753,-9.6640
-2.6012,-2.6091,-2.6094,-2.6082,-9.1000,-10.2772
-2.6139,-2.6151,-2.6155,-2.6148,-10.1237,-7.0000
-2.6015,-2.5910,-2.5923,-2.5975,-10.4048,-7.0000
0.0000,0.0000,0.0000,0.0000,0.0000,0.0000
-2.5919,-2.5782,-2.5476,-2.5842,-9.6247,-11.1372
-2.5027,-2.4940,-2.3205,-2.5200,-7.0000,-9.6640
-2.5516,-2.4340,-2.4620,-2.5445,-10.1224,-10.4580
-2.4340,-2.5864,-2.5791,-2.5807,-11.5499,-10.0417
-2.5910,-2.6093,-2.6085,-2.6078,-10.2209,-7.0000
0.0000,0.0000,0.0000,0.0000,0.0000,0.0000
-2.5042,-2.5921,-2.5812,-2.5857,-11.1255,-10.8713
-2.5910,-2.5940,-2.5985,-2.5981,-9.1000,-10.8775
-2.4340,-2.5738,-2.5559,-2.5552,-7.0000,-9.7300
-2.1366,-2.5087,-2.4831,-2.4829,-9.7561,-10.6599
-2.1366,-2.5175,-2.5259,-2.5140,-10.9275,-7.0000
0.0000,0.0000,0.0000,0.0000,0.0000,0.0000
-1.3578,-2.2302,-2.1711,-2.2131,-10.4172,-7.0000
-2.6076,-2.6098,-2.6076,-2.6078,-7.0000,-11.3101
-2.5476,-2.5701,-2.5598,-2.5720,-7.0000,-7.0000
-2.5910,-2.5926,-2.5923,-2.5932,-11.0630,-7.0000
-2.4744,-2.4893,-2.3206,-2.4587,-7.0000,-7.0000
0.0000,0.0000,0.0000,0.0000,0.0000,0.0000
-1.8391,-2.3852,-2.3516,-2.2121,-9.8984,-7.0000
-1.9815,-1.8144,2.3190,-1.8637,-7.0000,-9.6519
-0.5789,-2.2492,-1.9794,-1.6514,-7.0000,-10.8662
6.0205,-0.2587,-1.3037,-1.5885,-6.4955,-7.0000
-0.5821,-1.8362,-1.9072,-1.8637,-9.8072,-7.0000
0.0000,0.0000,0.0000,0.0000,0.0000,0.0000
-2.6154,-2.6155,-2.6155,-2.6154,-9.4028,-10.6288
-2.5961,-2.6012,-2.5966,-2.5744,-10.7204,-11.4459
-2.6091,-2.6107,-2.6093,-2.6076,-9.1000,-11.1115
-2.6154,-2.6156,-2.6159,-2.6154,-10.3723,-11.3032
-2.5847,-2.5744,-2.5893,-2.5879,-9.4028,-7.0000
0.0000,0.0000,0.0000,0.0000,0.0000,0.0000
-2.5782,-2.5042,-2.5747,-2.5755,-10.3399,-10.8543
-2.4607,-2.1366,-2.4550,-2.4970,-9.9306,-7.0000
-2.5274,-2.3204,-2.5311,-2.5376,-10.1038,-11.0957
-2.5042,-2.5822,-2.5796,-2.5798,-10.9192,-9.4028
-2.6088,-2.6101,-2.6084,-2.6012,-9.1000,-11.0858
0.0000,0.0000,0.0000,0.0000,0.0000,0.0000
-2.5909,-2.5921,-2.5970,-2.5476,-7.0000,-10.7469
-2.6012,-2.6057,-2.6032,-2.6012,-10.2218,-10.7972
-2.5042,-2.5588,-2.5565,-2.5509,-7.0000,-10.3006
-2.3204,-2.4818,-2.4953,-2.4704,-11.0222,-10.6475
-2.3204,-2.5096,-2.5136,-2.5103,-10.1553,-9.8226
0.0000,0.0000,0.0000,0.0000,0.0000,0.0000
-1.8391,-2.1282,-2.1825,-2.1484,-7.0000,-7.0000
-2.6025,-2.6054,-2.6012,-2.6065,-11.0663,-9.1000
-2.5042,-2.5660,-2.5408,-2.5529,-10.3455,-7.0000
-2.5858,-2.5882,-2.5744,-2.5950,-7.0000,-10.9608
-2.1366,-2.4070,-2.4157,-2.4062,-7.0000,-10.5944
0.0000,0.0000,0.0000,0.0000,0.0000,0.0000
-2.2242,-2.4181,-2.4298,-2.4092,-7.0000,-9.4937
-0.0373,6.0205,-0.4740,-1.5249,-6.6431,-6.4955
-1.3609,-2.2861,-2.3147,-2.3280,-7.0000,-7.0000
-1.4977,-1.4575,-1.6944,2.7207,-7.0000,-9.1000
0.6814,-2.0128,-1.8800,-1.8982,-9.5533,-7.0000
0.0000,0.0000,0.0000,0.0000,0.0000,0.0000
-2.6163,-2.6165,-2.6165,-2.6163,-10.9480,-10.6433
-2.5910,-2.6047,-2.6016,-2.6009,-10.6556,-9.8292
-2.6116,-2.6132,-2.6126,-2.6115,-9.4028,-11.2587
-2.6163,-2.6165,-2.6166,-2.6163,-10.6944,-10.4475
-2.5927,-2.5920,-2.5920,-2.5910,-9.6247,-9.7151
0.0000,0.0000,0.0000,0.0000,0.0000,0.0000
-2.5892,-2.5499,-2.5857,-2.5823,-10.3399,-9.9446
-2.4760,-2.4689,-2.4587,-2.3204,-10.7917,-10.5161
-2.5403,-2.5248,-2.5316,-2.4340,-9.9460,-9.6247
-2.5476,-2.5896,-2.5969,-2.5909,-10.6255,-10.2547
-2.6109,-2.6123,-2.6107,-2.6076,-9.1000,-7.0000
0.0000,0.0000,0.0000,0.0000,0.0000,0.0000
-2.5982,-2.6023,-2.5975,-2.5749,-10.6884,-10.7679
-2.6074,-2.6075,-2.6081,-2.6075,-11.2238,-10.3930
-2.5476,-2.5821,-2.5720,-2.5691,-9.7300,-10.1385
-2.5003,-2.4986,-2.4977,-2.4344,-10.5943,-11.1307
-2.4340,-2.5344,-2.5359,-2.5339,-10.9483,-9.1000
0.0000,0.0000,0.0000,0.0000,0.0000,0.0000
-2.1366,-2.2975,-2.2882,-2.1917,-7.0000,-7.0000
-2.5910,-2.6001,-2.5988,-2.5991,-10.1692,-9.4937
-2.4340,-2.5268,-2.5324,-2.5207,-10.0328,-7.0000
-2.5476,-2.5807,-2.5860,-2.5877,-7.0000,-7.0000
-1.8391,-2.3646,-2.4006,-2.4032,-9.4028,-10.3127
0.0000,0.0000,0.0000,0.0000,0.0000,0.0000
-2.4296,-2.4441,-2.4421,-2.4556,-9.7086,-7.0000
-1.5885,2.3400,-1.7405,-1.7322,-7.0000,-9.4028
-2.3944,-2.3494,-2.3916,-1.8954,-10.1237,-9.9370
-1.7285,-1.7117,-1.8637,-0.4114,-7.0000,-7.0000
-1.8719,-1.9032,-1.8637,-1.9510,-9.1000,-7.0000
0.0000,0.0000,0.0000,0.0000,0.0000,0.0000
-2.6027,-2.5910,-2.6028,-2.6038,-10.9468,-10.1237
-2.4936,-2.1366,-2.5075,-2.5065,-11.1180,-9.6247
-2.5737,-2.5042,-2.5761,-2.5645,-10.6365,-11.1525
-2.5978,-2.5910,-2.5957,-2.5967,-10.4164,-10.4121
-2.6150,-2.6148,-2.6139,-2.6144,-10.6497,-9.4028
0.0000,0.0000,0.0000,0.0000,0.0000,0.0000
-2.6133,-2.6111,-2.6076,-2.6126,-10.6296,-9.9063
-2.5956,-2.5922,-2.5744,-2.5901,-7.0000,-7.0000
-2.6053,-2.6020,-2.5910,-2.6046,-10.2524,-7.0000
-1.3578,-2.4844,-2.4948,-2.4420,-9.6247,-10.8783
-2.4340,-2.5567,-2.5575,-2.5245,-7.0000,-10.9432
0.0000,0.0000,0.0000,0.0000,0.0000,0.0000
-1.8391,-2.3603,-2.4540,-2.2332,-10.7631,-10.5357
-2.4340,-2.4928,-2.5010,-2.5185,-11.1468,-11.2653
-2.5834,-2.5784,-2.5476,-2.5842,-7.0000,-10.7809
-2.5762,-2.5544,-2.4340,-2.5689,-9.7872,-9.1000
-2.5535,-2.5504,-2.4340,-2.5552,-9.7872,-10.5495
0.0000,0.0000,0.0000,0.0000,0.0000,0.0000
-2.4028,-2.3760,-2.1366,-2.3647,-7.0000,-7.0000
-2.6148,-2.6141,-2.6139,-2.6148,-10.1701,-10.1954
-2.6019,-2.5984,-2.5910,-2.5959,-10.2218,-10.6147
-2.6107,-2.6101,-2.6076,-2.6092,-7.0000,-10.9057
-2.5641,-2.5644,-2.5042,-2.5720,-9.4028,-7.0000
0.0000,0.0000,0.0000,0.0000,0.0000,0.0000
-2.1044,2.7207,-1.9656,-0.1427,-7.0000,-10.6011
-2.5079,-2.4527,-1.8391,-2.4587,-9.4028,-7.0000
11.3600,2.6878,1.5406,5.8334,-3.3414,-2.9986
-2.1700,-2.1706,0.6814,-2.1440,-8.8052,-10.3694
-2.1898,-2.3161,-1.8391,-2.1595,-10.1237,-9.8956
0.0000,0.0000,0.0000,0.0000,0.0000,0.0000
-2.6047,-2.6012,-2.6087,-2.6069,-11.0290,-10.1237
-2.5249,-2.3204,-2.5233,-2.5183,-9.4028,-7.0000
-2.5820,-2.5812,-2.5943,-2.5476,-7.0000,-9.9724
-2.6040,-2.6012,-2.6084,-2.6012,-11.3362,-10.1237
-2.6116,-2.6137,-2.6115,-2.6128,-11.3215,-11.1582
0.0000,0.0000,0.0000,0.0000,0.0000,0.0000
-2.6098,-2.6105,-2.6012,-2.6103,-9.7300,-10.6812
-2.5796,-2.5900,-2.5476,-2.5773,-9.1000,-7.0000
-2.5925,-2.5977,-2.5744,-2.5951,-10.5212,-7.0000
-2.4972,-2.4894,-2.3761,-1.8391,-10.6233,-9.4028
-2.5810,-2.5886,-2.5844,-2.5042,-7.0000,-10.3212
0.0000,0.0000,0.0000,0.0000,0.0000,0.0000
-2.5300,-2.5006,-2.5279,-2.1366,-10.2145,-10.3728
-2.5286,-2.5270,-2.5603,-2.5042,-11.2334,-10.5618
-2.5649,-2.5615,-2.5042,-2.5733,-9.9190,-11.5390
-2.5271,-2.5524,-2.3204,-2.5224,-10.9782,-9.4937
-2.5571,-2.5506,-2.3204,-2.5396,-7.0000,-9.5209
0.0000,0.0000,0.0000,0.0000,0.0000,0.0000
-2.2741,-2.3077,-1.8391,-2.2567,-9.6519,-10.1237
-2.6135,-2.6124,-2.6115,-2.6136,-9.8639,-11.5034
-2.5930,-2.5859,-2.5744,-2.5865,-10.9345,-7.0000
-2.6070,-2.6071,-2.6012,-2.6070,-10.8775,-9.4028
-2.5518,-2.5525,-2.4340,-2.5532,-11.2022,-9.6519
0.0000,0.0000,0.0000,0.0000,0.0000,0.0000
-2.2064,0.6814,-1.3770,-0.1122,-9.5654,-9.3468
-2.2952,-2.1425,-1.3578,-2.2166,-7.0000,-9.4937
-1.8694,-1.4306,0.6619,6.0205,-6.5840,-7.0000
-1.3693,-0.9512,2.7207,-2.0586,-8.9507,-7.0000
-2.1928,-2.0632,-1.3578,-2.2256,-10.7142,-10.6706
0.0000,0.0000,0.0000,0.0000,0.0000,0.0000
-2.6106,-2.6112,-2.6136,-2.6076,-7.0000,-9.4937
-2.5703,-2.5552,-2.5521,-2.4340,-11.0701,-10.8654
-2.5958,-2.5936,-2.5992,-2.5744,-11.2033,-9.4937
-2.6083,-2.6081,-2.6125,-2.6076,-9.7990,-10.2280
-2.6095,-2.6081,-2.6076,-2.6085,-10.9749,-10.0166
0.0000,0.0000,0.0000,0.0000,0.0000,0.0000
-2.6027,-2.6046,-2.5910,-2.6019,-7.0000,-7.0000
-2.5715,-2.5499,-2.5042,-2.5525,-7.0000,-10.7455
-2.5780,-2.5774,-2.5476,-2.5910,-10.7044,-7.0000
-2.4673,-2.5322,-2.5346,-2.1366,-9.8945,-10.1931
-2.5969,-2.5932,-2.6003,-2.5476,-11.2055,-10.9229
0.0000,0.0000,0.0000,0.0000,0.0000,0.0000
-2.5651,-2.5453,-2.5447,-2.3204,-10.1038,-9.1000
-2.5703,-2.5720,-2.5713,-2.5476,-10.7820,-10.6936
-2.5435,-2.5526,-2.4340,-2.5469,-10.1530,-11.0589
-2.4917,-2.5053,-2.1366,-2.5156,-7.0000,-9.8096
-2.5294,-2.5147,-2.1366,-2.5156,-11.1416,-7.0000
0.0000,0.0000,0.0000,0.0000,0.0000,0.0000
-2.1285,-1.9951,-1.3578,-2.0338,-9.7300,-9.1000
-2.6095,-2.6115,-2.6076,-2.6101,-11.2238,-10.9323
-2.5866,-2.5689,-2.5476,-2.5783,-9.9776,-9.6640
-2.5993,-2.6018,-2.5910,-2.5996,-9.1000,-11.1595
-2.5156,-2.5140,-2.3204,-2.5320,-11.1968,-9.8072
0.0000,0.0000,0.0000,0.0000,0.0000,0.0000
-2.2037,-2.2131,-2.2034,-0.5789,-10.2671,-7.0000
-2.2619,-2.2574,-0.5789,-2.2503,-10.2446,-10.0713
-2.1157,-1.8637,-1.8122,2.7207,-7.9230,-7.0000
-1.6641,1.4279,6.0205,-2.0806,-6.4955,-7.0000
-1.8724,-1.8637,-0.5789,-1.8580,-9.7136,-7.0000
0.0000,0.0000,0.0000,0.0000,0.0000,0.0000
-2.6129,-2.6147,-2.6149,-2.6115,-9.4937,-10.2796
-2.5837,-2.5902,-2.5873,-2.5042,-11.4096,-10.8807
-2.6048,-2.6031,-2.6070,-2.5910,-11.1852,-7.0000
-2.6147,-2.6123,-2.6122,-2.6115,-7.0000,-10.9778
-2.6043,-2.6016,-2.6012,-2.6046,-7.0000,-7.0000
0.0000,0.0000,0.0000,0.0000,0.0000,0.0000
-2.5976,-2.5744,-2.5936,-2.5945,-10.6004,-9.1000
-2.5347,-2.5274,-2.4340,-2.5275,-7.0000,-9.4028
-2.5615,-2.5042,-2.5649,-2.5668,-9.9539,-9.7561
-2.5754,-2.5750,-2.5666,-2.3204,-11.2708,-10.6483
-2.6023,-2.6055,-2.6027,-2.5744,-9.1000,-11.1524
0.0000,0.0000,0.0000,0.0000,0.0000,0.0000
-2.5647,-2.5815,-2.5555,-2.4340,-9.7990,-9.4028
-2.5820,-2.5840,-2.5970,-2.5744,-10.5397,-11.1440
-2.3204,-2.5387,-2.5275,-2.5327,-7.0000,-10.0363
-1.8391,-2.4259,-2.4232,-2.3692,-10.6421,-10.5860
-1.8391,-2.4809,-2.4793,-2.4464,-10.9954,-10.3694
0.0000,0.0000,0.0000,0.0000,0.0000,0.0000
-0.5789,-2.0463,-1.9189,-1.9069,-9.6687,-10.1717
-2.6049,-2.6055,-2.6012,-2.6098,-10.9392,-10.4035
-2.5509,-2.5577,-2.5042,-2.5619,-7.0000,-9.4937
-2.5744,-2.5986,-2.5808,-2.5957,-9.8096,-7.0000
-2.4611,-2.4593,-2.1366,-2.5164,-9.4028,-7.0000
0.0000,0.0000,0.0000,0.0000,0.0000,0.0000
-2.4000,-2.1830,-2.1847,-1.3578,-10.7098,-10.3174
-1.6124,-0.7213,0.6814,-1.6081,-8.8052,-7.0000
-1.6023,-1.4383,-1.5939,0.6814,-9.5615,-9.7000
11.3600,2.3721,0.7356,1.5134,-4.1857,-4.9065
0.6814,-1.4773,-1.4575,-1.4423,-9.7305,-8.8052
0.0000,0.0000,0.0000,0.0000,0.0000,0.0000
-2.6150,-2.6150,-2.6160,-2.6139,-10.6423,-7.0000
-2.5927,-2.5950,-2.5917,-2.5476,-10.7514,-10.8050
-2.6075,-2.6066,-2.6069,-2.6012,-11.2278,-7.0000
-2.6159,-2.6142,-2.6148,-2.6139,-7.0000,-7.0000
-2.5928,-2.5910,-2.5977,-2.5947,-9.4937,-11.1586
0.0000,0.0000,0.0000,0.0000,0.0000,0.0000
-2.5867,-2.5476,-2.5906,-2.5945,-10.5151,-11.1420
-2.5136,-2.3204,-2.5141,-2.5127,-7.0000,-10.9553
-2.5463,-2.4340,-2.5501,-2.5532,-11.3057,-7.0000
-2.5839,-2.5771,-2.5735,-2.4340,-11.4762,-10.5302
-2.6078,-2.6076,-2.6078,-2.5910,-10.4602,-10.8474
0.0000,0.0000,0.0000,0.0000,0.0000,0.0000
-2.5799,-2.5886,-2.5869,-2.5042,-11.1081,-10.8442
-2.5969,-2.5963,-2.5953,-2.5910,-10.2690,-10.6734
-2.4340,-2.5397,-2.5371,-2.5314,-7.0000,-9.5338
-2.4345,-2.4709,-2.4913,-2.1366,-7.0000,-10.0278
-2.1366,-2.4707,-2.4930,-2.4658,-7.0000,-11.0130
0.0000,0.0000,0.0000,0.0000,0.0000,0.0000
-1.9012,-1.9799,-2.0695,-1.3578,-7.0000,-9.7300
-2.5987,-2.6051,-2.5910,-2.6016,-7.0000,-11.1022
-2.5195,-2.5290,-2.4340,-2.5370,-7.0000,-10.1530
-2.5476,-2.5807,-2.5796,-2.5893,-7.0000,-10.0243
-2.3852,-2.3444,-1.8391,-2.4029,-7.0000,-10.6164
0.0000,0.0000,0.0000,0.0000,0.0000,0.0000
-2.4053,-2.4117,-2.3785,-1.8391,-7.0000,-10.5179
-0.9188,2.7207,-1.8998,-0.7684,-8.2000,-8.2000
-2.3393,-2.2533,-1.9613,-0.5789,-10.3949,-10.2836
5.3322,-1.2758,-1.3945,-1.2128,-7.0000,-7.0000
2.7207,-1.7251,1.1640,-1.6035,-7.0000,-9.1000
0.0000,0.0000,0.0000,0.0000,0.0000,0.0000
-2.6157,-2.6157,-2.6160,-2.6154,-10.9134,-9.5291
-2.6030,-2.6015,-2.5988,-2.5744,-11.0327,-9.4937
-2.6108,-2.6105,-2.6102,-2.6076,-7.0000,-7.0000
-2.6157,-2.6159,-2.6158,-2.6154,-9.4028,-10.1069
-2.6043,-2.6012,-2.6068,-2.6012,-10.7030,-10.1237
0.0000,0.0000,0.0000,0.0000,0.0000,0.0000
-2.5997,-2.5928,-2.5932,-2.5744,-10.8437,-7.0000
-2.5333,-2.5090,-2.5324,-2.4340,-9.4028,-7.0000
-2.5696,-2.5489,-2.5489,-2.5042,-9.4028,-9.4028
-2.5871,-2.5879,-2.5821,-2.5042,-10.7729,-11.0146
-2.6094,-2.6102,-2.6095,-2.6012,-11.1587,-11.0628
0.0000,0.0000,0.0000,0.0000,0.0000,0.0000
-2.5898,-2.5964,-2.5932,-2.5476,-7.0000,-10.7681
-2.6015,-2.6052,-2.6018,-2.6012,-11.2243,-7.0000
-2.5561,-2.5594,-2.5440,-2.5042,-9.6519,-10.9265
-2.5118,-2.5218,-2.5140,-2.3204,-9.9927,-11.0834
-2.3204,-2.5201,-2.4952,-2.5014,-9.4028,-10.4239
0.0000,0.0000,0.0000,0.0000,0.0000,0.0000
-1.8391,-2.1318,-2.0654,-2.1046,-10.5256,-9.8956
-2.5744,-2.6002,-2.5933,-2.6009,-11.2511,-7.0000
-2.3204,-2.4982,-2.5012,-2.5140,-11.0349,-7.0000
-2.5042,-2.5706,-2.5720,-2.5746,-10.8702,-9.7305
-1.3578,-2.2148,-2.3213,-2.3218,-9.4028,-10.5171
0.0000,0.0000,0.0000,0.0000,0.0000,0.0000
-2.4325,-2.4426,-2.4448,-2.1366,-7.0000,-10.0243
-1.3714,-1.8848,-1.8637,-1.9104,-7.0000,-7.0000
-2.3022,-2.2564,-1.9838,-1.3578,-9.9751,-10.4748
-1.6619,-1.5885,-1.3667,-1.4977,-10.3127,-9.7300
6.0023,-1.8530,-1.5885,-1.6619,-7.0000,-10.2547
0.0000,0.0000,0.0000,0.0000,0.0000,0.0000
-2.6069,-2.6012,-2.6071,-2.6064,-9.8477,-9.7479
-2.5361,-2.3204,-2.5324,-2.5260,-7.0000,-7.0000
-2.5769,-2.5476,-2.5842,-2.5842,-11.4484,-10.5004
-2.6052,-2.6012,-2.6043,-2.6044,-7.0000,-10.8588
-2.6155,-2.6154,-2.6159,-2.6156,-7.0000,-10.4580
0.0000,0.0000,0.0000,0.0000,0.0000,0.0000
-2.6138,-2.6115,-2.6137,-2.6136,-7.0000,-9.4028
-2.6011,-2.5910,-2.5988,-2.5975,-7.0000,-7.0000
-2.6094,-2.6012,-2.6081,-2.6089,-10.0328,-9.9724
-2.3434,-2.3921,-2.4006,-2.4006,-0.5789,-10.4113
-2.5565,-2.5250,-2.4704,-2.5505,-2.3204,-9.5209
0.0000,0.0000,0.0000,0.0000,0.0000,0.0000
-2.4592,-2.4332,-2.0250,-2.4587,-1.3578,-10.0749
-2.4609,-2.4525,-2.4517,-2.4336,-2.3204,-10.4035
-2.5967,-2.5744,-2.5920,-2.5932,-10.4549,-9.7505
-2.5841,-2.5045,-2.5850,-2.5897,-9.1000,-7.0000
-2.5730,-2.5042,-2.5707,-2.5726,-11.0726,-11.1110
0.0000,0.0000,0.0000,0.0000,0.0000,0.0000
-2.4304,-2.3204,-2.4338,-2.4006,-9.9302,-9.4028
-2.6157,-2.6154,-2.6155,-2.6162,-10.3482,-11.1872
-2.6049,-2.6012,-2.6025,-2.6046,-9.9404,-7.0000
-2.6125,-2.6115,-2.6128,-2.6126,-7.0000,-10.1667
-2.5822,-2.5476,-2.5842,-2.5842,-9.6994,-9.6247
0.0000,0.0000,0.0000,0.0000,0.0000,0.0000
-2.2238,0.6814,-2.2131,-2.1898,-10.2819,-2.3186
-2.5327,-2.1366,-2.5215,-2.5238,-7.0000,-2.5418
-0.7000,5.4156,-0.7000,-0.7000,1.6520,20.0000
-2.2948,-0.5789,-2.3213,-1.6468,-10.1694,-2.0222
-2.4008,-2.1366,-2.3839,-2.3213,-11.3016,-2.3863
0.0000,0.0000,0.0000,0.0000,0.0000,0.0000
-2.6103,-2.6076,-2.6091,-2.6107,-7.0000,-10.5092
-2.5510,-2.4340,-2.5312,-2.5324,-9.6519,-9.4028
-2.5998,-2.5744,-2.5933,-2.5932,-7.0000,-9.7659
-2.6079,-2.6076,-2.6084,-2.6096,-10.0840,-7.0000
-2.6145,-2.6138,-2.6138,-2.6147,-9.4937,-7.0000
0.0000,0.0000,0.0000,0.0000,0.0000,0.0000
-2.6096,-2.6096,-2.6076,-2.6092,-10.1155,-7.0000
-2.5849,-2.5744,-2.5769,-2.5842,-7.0000,-7.0000
-2.5932,-2.5926,-2.5910,-2.5959,-7.0000,-11.2908
-2.5174,-2.1366,-2.5253,-2.5215,-9.9533,-11.0474
-2.5869,-2.5476,-2.5961,-2.5932,-11.3612,-9.4028
0.0000,0.0000,0.0000,0.0000,0.0000,0.0000
-2.5333,-2.3204,-2.5547,-2.5454,-7.0000,-10.9395
-2.5558,-2.5476,-2.5569,-2.5714,-10.1237,-7.0000
-2.5717,-2.5476,-2.5708,-2.5730,-10.5229,-10.5501
-2.5518,-2.4341,-2.5342,-2.5316,-9.9009,-9.1000
-2.5556,-2.5502,-2.4340,-2.5602,-10.0521,-11.1506
0.0000,0.0000,0.0000,0.0000,0.0000,0.0000
-2.2910,-2.1366,-2.2908,-2.3651,-10.5345,-10.1237
-2.6142,-2.6139,-2.6139,-2.6140,-10.6937,-9.7505
-2.6006,-2.5910,-2.5931,-2.5932,-9.1000,-7.0000
-2.6087,-2.6076,-2.6087,-2.6081,-10.1820,-11.0407
-2.5613,-2.5042,-2.5661,-2.5552,-9.7300,-10.1237
0.0000,0.0000,0.0000,0.0000,0.0000,0.0000
-2.2057,-1.0504,-2.2202,-2.2312,-7.0000,-7.0000
-2.3831,-1.8865,-2.3714,-2.4278,-10.3399,-9.7300
-1.6074,2.6041,-1.9146,-1.5885,-7.0000,-9.6912
-1.9381,0.4501,-1.9486,-2.0654,-9.7872,-9.4028
-2.0471,-2.1308,-2.1064,-2.0479,-9.7300,-10.6696
0.0000,0.0000,0.0000,0.0000,0.0000,0.0000
-2.6134,-2.6115,-2.6118,-2.6115,-11.3747,-9.8107
-2.5556,-2.5084,-2.5539,-2.5548,-10.0328,-10.4136
-2.5986,-2.5910,-2.5946,-2.5952,-10.2121,-10.5957
-2.6136,-2.6115,-2.6128,-2.6115,-10.1237,-10.3728
-2.6128,-2.6115,-2.6122,-2.6124,-10.7148,-10.9229
0.0000,0.0000,0.0000,0.0000,0.0000,0.0000
-2.6096,-2.6012,-2.6081,-2.6081,-7.0000,-10.9575
-2.5750,-2.5476,-2.5720,-2.5719,-10.4972,-9.4937
-2.5937,-2.5744,-2.5818,-2.5857,-9.1000,-9.6640
-2.5475,-2.5464,-2.5552,-2.3204,-11.0238,-7.0000
-2.6017,-2.5958,-2.6006,-2.5744,-7.0000,-7.0000
0.0000,0.0000,0.0000,0.0000,0.0000,0.0000
-2.5590,-2.4340,-2.5720,-2.5590,-10.1237,-7.0000
-2.5863,-2.5744,-2.5815,-2.5744,-9.6912,-11.1156
-2.5723,-2.5042,-2.5694,-2.5686,-10.1237,-11.0696
-2.5279,-2.3204,-2.5318,-2.5245,-9.4028,-7.0000
-2.5481,-2.3204,-2.5409,-2.5342,-9.7990,-10.9310
0.0000,0.0000,0.0000,0.0000,0.0000,0.0000
-2.2280,-1.8391,-2.2131,-2.1821,-9.4937,-9.4028
-2.6132,-2.6115,-2.6133,-2.6126,-9.9966,-11.1042
-2.5903,-2.5744,-2.5932,-2.5902,-7.0000,-9.4028
-2.6081,-2.6012,-2.6046,-2.6070,-9.1000,-7.0000
-2.5507,-2.4340,-2.5552,-2.5559,-9.4937,-7.0000
0.0000,0.0000,0.0000,0.0000,0.0000,0.0000
-2.2022,-2.2295,-2.2131,-2.2583,-9.7300,-7.0000
-2.3610,-2.2936,-2.2446,-2.3485,-9.6519,-7.0000
-1.9673,-1.8559,-1.9663,-0.2421,-7.0000,-9.6247
-1.9453,-0.4221,-1.8637,-1.7510,-7.0000,-7.0000
-1.8793,-1.5050,-1.8637,-2.0725,-7.0000,-7.0000
0.0000,0.0000,0.0000,0.0000,0.0000,0.0000
-2.6143,-2.6139,-2.6142,-2.6147,-10.7151,-7.0000
-2.5936,-2.5476,-2.5969,-2.5935,-10.6216,-10.4254
-2.6084,-2.6012,-2.6081,-2.6081,-7.0000,-7.0000
-2.6147,-2.6139,-2.6140,-2.6140,-9.4937,-9.5209
-2.6114,-2.6076,-2.6076,-2.6101,-10.0328,-11.1672
0.0000,0.0000,0.0000,0.0000,0.0000,0.0000
-2.6016,-2.5910,-2.6013,-2.6018,-9.4937,-7.0000
-2.5550,-2.5042,-2.5585,-2.5639,-7.0000,-9.1000
-2.5692,-2.5476,-2.5681,-2.5729,-9.6247,-9.9162
-2.5821,-2.4340,-2.5867,-2.5825,-7.0000,-10.2218
-2.6077,-2.5910,-2.6070,-2.6081,-10.7624,-9.5338
0.0000,0.0000,0.0000,0.0000,0.0000,0.0000
-2.5807,-2.5042,-2.5777,-2.5785,-10.2418,-10.1833
-2.5925,-2.5910,-2.5972,-2.5932,-10.7930,-11.2666
-2.4386,-2.4580,-2.5182,-2.3367,-2.1366,-10.7847
-2.3457,-2.3547,-2.4112,-2.4006,-1.3578,-11.2157
-2.4696,-2.4308,-2.2079,-2.0153,-1.3578,-10.7643
0.0000,0.0000,0.0000,0.0000,0.0000,0.0000
-1.6074,-1.8547,-1.7216,-1.5885,0.6814,-9.5925
-2.6001,-2.6038,-2.5910,-2.5998,-7.0000,-10.6457
-2.5427,-2.5312,-2.4340,-2.5324,-9.9087,-7.0000
-2.5737,-2.5835,-2.5476,-2.5720,-9.1000,-7.0000
-2.4388,-2.4773,-1.8391,-2.4587,-10.7112,-9.4028
0.0000,0.0000,0.0000,0.0000,0.0000,0.0000
-2.4049,-1.8391,-2.4712,-2.4318,-9.8842,-2.4234
-2.3215,-2.2018,-0.5789,-2.2131,-10.4868,-1.9684
-2.2634,-0.5789,-2.3455,-2.3213,-7.0000,-2.3332
2.3762,4.0043,5.4156,-0.7000,1.5176,20.0000
-0.6160,-0.6087,2.7207,0.1131,-8.8329,-0.6399
0.0000,0.0000,0.0000,0.0000,0.0000,0.0000
-2.6155,-2.6154,-2.6162,-2.6154,-9.4028,-11.4792
-2.5998,-2.5982,-2.6038,-2.5744,-7.0000,-10.2218
-2.6107,-2.6076,-2.6113,-2.6088,-10.5746,-11.3197
-2.6156,-2.6154,-2.6157,-2.6154,-10.9170,-7.0000
-2.6046,-2.6012,-2.6015,-2.6053,-9.7479,-7.0000
0.0000,0.0000,0.0000,0.0000,0.0000,0.0000
-2.5959,-2.5744,-2.6006,-2.5958,-9.8359,-10.2218
-2.5490,-2.4340,-2.5498,-2.5539,-7.0000,-9.7541
-2.5720,-2.5042,-2.5734,-2.5708,-7.0000,-10.0159
-2.5918,-2.5869,-2.5869,-2.5042,-9.5209,-11.1099
-2.6081,-2.6012,-2.6080,-2.6071,-10.3728,-9.4028
0.0000,0.0000,0.0000,0.0000,0.0000,0.0000
-2.5842,-2.5846,-2.5774,-2.5476,-10.9313,-7.0000
-2.6052,-2.6012,-2.6050,-2.6012,-7.0000,-10.3834
-2.5417,-2.5261,-2.5430,-2.3204,-9.6912,-11.2469
-2.4761,-2.3639,-2.4338,-1.8391,-9.4028,-7.0000
-2.4244,-2.3610,-2.4437,-1.8391,-10.7944,-10.3127
0.0000,0.0000,0.0000,0.0000,0.0000,0.0000
-1.8637,-1.8444,-1.8365,-0.5789,-9.7305,-7.0000
-2.5912,-2.5967,-2.5744,-2.5954,-10.9345,-10.9950
-2.5012,-2.5084,-2.3204,-2.4795,-7.0000,-7.0000
-2.5621,-2.5709,-2.5042,-2.5644,-10.8636,-7.0000
-2.3064,-2.3931,-1.3578,-2.3659,-7.0000,-7.0000
0.0000,0.0000,0.0000,0.0000,0.0000,0.0000
-2.4506,-2.2225,-2.4820,-2.4361,-9.9420,-7.0000
-1.0249,0.6814,-1.5537,-1.6093,-9.5580,-7.0000
-2.2574,-2.3372,-2.2773,-2.3343,-10.8057,-9.5209
3.8505,-1.2128,-1.4977,11.3600,-4.1857,-9.1000
2.6103,0.0942,6.0205,0.1761,-7.1255,-6.3442
0.0000,0.0000,0.0000,0.0000,0.0000,0.0000
-2.6167,-2.6163,-2.6164,-2.6163,-10.1623,-10.9675
-2.6088,-2.5910,-2.6044,-2.6040,-10.2418,-10.6656
-2.6124,-2.6120,-2.6122,-2.6115,-10.2418,-10.5884
-2.6168,-2.6163,-2.6165,-2.6163,-7.0000,-9.6519
-2.6115,-2.6076,-2.6092,-2.6076,-9.1000,-7.0000
0.0000,0.0000,0.0000,0.0000,0.0000,0.0000
-2.6000,-2.5988,-2.6012,-2.5910,-7.0000,-7.0000
-2.5459,-2.5379,-2.5552,-2.5042,-7.0000,-9.6247
-2.5722,-2.5476,-2.5813,-2.5685,-7.0000,-10.3694
-2.5990,-2.5476,-2.5895,-2.5897,-10.4580,-10.9263
-2.6106,-2.6097,-2.6107,-2.6076,-11.0980,-9.4028
0.0000,0.0000,0.0000,0.0000,0.0000,0.0000
-2.5870,-2.5947,-2.5872,-2.5744,-10.8805,-10.1237
-2.6072,-2.6071,-2.6078,-2.6071,-10.2233,-10.6625
-2.5666,-2.5577,-2.5552,-2.4340,-10.1187,-7.0000
-2.4804,-2.5083,-2.4829,-2.1366,-10.1237,-10.9784
-2.4602,-2.4888,-2.4813,-2.1366,-10.9642,-10.5352
0.0000,0.0000,0.0000,0.0000,0.0000,0.0000
-2.1433,-1.9930,-2.0654,-1.3578,-7.0000,-7.0000
-2.5476,-2.5869,-2.5780,-2.5873,-9.1000,-10.7935
-2.1366,-2.4377,-2.4384,-2.4621,-11.0324,-9.8672
-2.4340,-2.5485,-2.5127,-2.5452,-11.4393,-7.0000
-0.5789,-2.2445,-1.4387,-2.2445,-9.3504,-10.3326
0.0000,0.0000,0.0000,0.0000,0.0000,0.0000
-2.5047,-2.3204,-2.5012,-2.4688,-11.0047,-10.8246
-2.0723,-2.0258,-1.5945,-0.5789,-7.0000,-9.3504
-2.3214,-1.8391,-2.1493,-2.3258,-10.9805,-7.0000
-1.8980,-1.6074,-1.7285,6.0205,-9.6519,-6.3442
11.3600,2.4747,5.8252,-1.3037,-4.8157,-3.0881
0.0000,0.0000,0.0000,0.0000,0.0000,0.0000
-2.6097,-2.6076,-2.6106,-2.6107,-11.0382,-11.0496
-2.5417,-2.4359,-2.5417,-2.5552,-9.4937,-9.6247
-2.5890,-2.5745,-2.5842,-2.5842,-11.0416,-7.0000
-2.6089,-2.6076,-2.6081,-2.6079,-9.7872,-7.0000
-2.6164,-2.6163,-2.6165,-2.6166,-10.5358,-7.0000
0.0000,0.0000,0.0000,0.0000,0.0000,0.0000
-2.6145,-2.6139,-2.6148,-2.6147,-9.8403,-10.2547
-2.6060,-2.6013,-2.6043,-2.6046,-11.4895,-11.0115
-2.6111,-2.6076,-2.6108,-2.6107,-7.0000,-10.1402
-2.4103,-1.3580,-2.4006,-2.4006,-9.6247,-7.0000
-2.5720,-2.4343,-2.5770,-2.5720,-10.3455,-9.6247
0.0000,0.0000,0.0000,0.0000,0.0000,0.0000
-2.4680,-1.8442,-2.4761,-2.5012,-9.4028,-9.4028
-2.4813,-2.4351,-2.4761,-2.5012,-10.4580,-7.0000
-2.6011,-2.5910,-2.6025,-2.5998,-10.5800,-10.3455
-2.5943,-2.5553,-2.5932,-2.5965,-10.1385,-10.4121
-2.5862,-2.5476,-2.5816,-2.5770,-10.4662,-9.7300
0.0000,0.0000,0.0000,0.0000,0.0000,0.0000
-2.4813,-2.4341,-2.4587,-2.4895,-7.0000,-7.0000
-2.6164,-2.6163,-2.6166,-2.6165,-11.2116,-11.4089
-2.6089,-2.6075,-2.6081,-2.6086,-10.2218,-10.2135
-2.6140,-2.6139,-2.6150,-2.6140,-10.2232,-7.0000
-2.5986,-2.5744,-2.5998,-2.5998,-7.0000,-9.6247
0.0000,0.0000,0.0000,0.0000,0.0000,0.0000
-2.2131,-2.2792,-2.2205,-2.2618,-9.4028,-10.1237
-2.5417,-2.5387,-2.5324,-2.5446,-7.0000,-7.0000
-0.9730,-0.7000,0.0000,0.0000,0.0000,-7.0000
-2.3730,-2.3770,-2.2990,-2.3538,-9.5338,-7.0000
-2.4006,-2.3975,-2.4006,-2.4006,-10.2547,-9.1000
0.0000,0.0000,0.0000,0.0000,0.0000,0.0000
-2.6118,-2.6115,-2.6127,-2.6129,-10.0328,-9.4028
-2.5613,-2.5042,-2.5607,-2.5417,-7.0000,-9.6912
-2.6021,-2.5910,-2.6018,-2.6034,-9.7561,-9.1000
-2.6123,-2.6115,-2.6121,-2.6126,-7.0000,-9.8189
-2.6146,-2.6149,-2.6149,-2.6150,-10.3455,-7.0000
0.0000,0.0000,0.0000,0.0000,0.0000,0.0000
-2.6124,-2.6114,-2.6114,-2.6126,-9.4028,-9.4028
-2.5959,-2.5909,-2.5909,-2.5959,-7.0000,-10.4121
-2.6054,-2.6012,-2.6013,-2.6046,-9.1000,-10.9960
-2.5621,-2.3204,-2.5572,-2.5440,-10.7070,-11.0426
-2.5970,-2.5744,-2.6022,-2.5973,-7.0000,-9.7300
0.0000,0.0000,0.0000,0.0000,0.0000,0.0000
-2.5454,-2.4342,-2.5637,-2.5621,-11.1844,-7.0000
-2.5842,-2.5744,-2.5814,-2.5777,-11.1806,-9.4937
-2.5879,-2.5746,-2.5864,-2.5814,-10.5080,-11.0135
-2.5589,-2.5226,-2.5547,-2.5552,-10.7135,-10.3127
-2.5720,-2.5046,-2.5628,-2.5762,-9.5209,-10.9434
0.0000,0.0000,0.0000,0.0000,0.0000,0.0000
-2.3824,-2.3204,-2.3361,-2.3730,-9.9735,-10.7613
-2.6153,-2.6152,-2.6153,-2.6156,-10.1398,-10.8549
-2.6023,-2.6012,-2.6012,-2.6046,-7.0000,-9.7300
-2.6115,-2.6115,-2.6115,-2.6115,-9.7300,-10.3779
-2.5842,-2.5745,-2.5478,-2.5866,-9.8764,-10.6092
0.0000,0.0000,0.0000,0.0000,0.0000,0.0000
-2.2681,-2.2239,-2.2885,-2.2131,-10.9248,-7.0000
-2.4006,-2.4118,-2.3613,-2.3781,-10.1509,-9.1000
-1.7350,-0.6018,-1.9207,-1.8637,-7.0000,-7.0000
-1.9463,-1.9581,-1.8976,-1.9463,-10.6876,-7.0000
-2.0654,-2.0642,-1.9517,-2.0654,-10.4393,-10.8827
0.0000,0.0000,0.0000,0.0000,0.0000,0.0000
-2.6140,-2.6139,-2.6142,-2.6139,-9.9464,-9.4028
-2.5557,-2.5608,-2.5608,-2.5476,-10.8241,-10.6556
-2.6061,-2.6013,-2.6036,-2.6024,-10.4986,-9.6912
-2.6140,-2.6139,-2.6144,-2.6139,-9.9063,-7.0000
-2.6145,-2.6139,-2.6147,-2.6143,-9.1000,-7.0000
0.0000,0.0000,0.0000,0.0000,0.0000,0.0000
-2.6110,-2.6076,-2.6107,-2.6107,-10.2145,-9.4028
-2.5842,-2.5744,-2.5838,-2.5857,-7.0000,-10.1042
-2.5959,-2.5910,-2.5969,-2.6000,-9.4937,-10.0197
-2.5653,-2.4340,-2.5653,-2.5612,-9.4028,-9.9935
-2.6046,-2.6030,-2.6046,-2.5910,-9.9757,-9.4028
0.0000,0.0000,0.0000,0.0000,0.0000,0.0000
-2.5629,-2.5078,-2.5631,-2.5664,-9.1000,-9.4937
-2.5894,-2.5888,-2.5857,-2.5870,-11.1791,-9.4028
-2.5863,-2.5476,-2.5842,-2.5865,-10.6185,-9.9190
-2.5552,-2.4340,-2.5580,-2.5448,-7.0000,-7.0000
-2.5582,-2.4340,-2.5555,-2.5673,-11.1071,-10.3006
0.0000,0.0000,0.0000,0.0000,0.0000,0.0000
-2.3578,-2.1366,-2.3047,-2.3444,-10.5335,-7.0000
-2.6148,-2.6139,-2.6144,-2.6146,-10.6298,-9.6601
-2.5967,-2.5910,-2.5998,-2.5957,-10.1385,-9.1000
-2.6107,-2.6076,-2.6107,-2.6087,-7.0000,-10.1759
-2.5608,-2.5042,-2.5719,-2.5666,-9.4028,-10.6410
0.0000,0.0000,0.0000,0.0000,0.0000,0.0000
-2.2131,-2.2959,-2.1920,-2.2486,-9.6247,-10.6116
-2.3746,-2.3441,-2.3695,-2.4034,-7.0000,-9.7300
-2.0654,-1.9341,-1.9463,-2.0163,-9.1000,-7.0000
-1.8637,-1.8719,-1.8527,-1.9569,-7.0000,-7.0000
-1.9456,-1.9334,-1.8637,-1.9501,-9.6247,-7.0000
0.0000,0.0000,0.0000,0.0000,0.0000,0.0000
-2.6155,-2.6154,-2.6155,-2.6159,-11.5123,-10.4121
-2.5998,-2.5755,-2.5991,-2.5998,-10.5080,-10.6970
-2.6115,-2.6076,-2.6107,-2.6115,-9.4028,-10.9029
-2.6150,-2.6153,-2.6154,-2.6153,-9.6519,-10.9461
-2.6115,-2.6115,-2.6115,-2.6126,-9.9063,-7.0000
0.0000,0.0000,0.0000,0.0000,0.0000,0.0000
-2.6060,-2.6012,-2.6063,-2.6052,-10.2145,-11.2992
-2.5770,-2.5477,-2.5720,-2.5720,-7.0000,-7.0000
-2.5842,-2.5747,-2.5879,-2.5853,-10.9111,-9.1000
-2.5921,-2.5042,-2.5911,-2.5917,-10.5556,-10.5154
-2.6111,-2.6013,-2.6107,-2.6095,-7.0000,-7.0000
0.0000,0.0000,0.0000,0.0000,0.0000,0.0000
-2.5857,-2.5476,-2.5857,-2.5888,-10.5345,-10.7850
-2.6018,-2.6012,-2.6029,-2.6025,-10.2547,-10.4659
-2.4978,-2.3204,-2.5140,-2.5178,-10.6575,-10.1519
-2.4259,-1.8391,-2.4394,-2.4301,-10.9470,-10.9017
-2.4761,-1.8391,-2.4661,-2.4813,-10.2418,-9.4937
0.0000,0.0000,0.0000,0.0000,0.0000,0.0000
-1.8976,-0.5789,-1.8637,-1.8637,-7.0000,-7.0000
-2.6054,-2.6012,-2.6046,-2.6055,-9.7305,-10.7820
-2.5552,-2.5044,-2.5525,-2.5552,-10.6874,-9.6247
-2.5842,-2.5745,-2.5862,-2.5842,-9.4028,-10.1636
-2.5065,-2.1397,-2.4761,-2.5012,-9.1000,-10.3127
0.0000,0.0000,0.0000,0.0000,0.0000,0.0000
-2.4244,-2.4276,-2.4006,-2.4301,-10.0197,-7.0000
-2.3213,-1.6176,-2.3213,-2.3213,-7.0000,-7.0000
-2.2747,-2.2984,-2.2574,-2.2131,-10.6497,-10.1237
-1.2128,10.2746,-0.7000,-0.7000,-7.0000,-7.0000
-1.5885,0.6764,-1.5885,-1.3667,-7.0000,-9.4028
0.0000,0.0000,0.0000,0.0000,0.0000,0.0000
0.0000,0.0000,0.0000,0.0000,0.0000,0.0000
0.0000,0.0000,0.0000,0.0000,0.0000,0.0000
0.0000,0.0000,0.0000,0.0000,0.0000,0.0000
0.0000,0.0000,0.0000,0.0000,0.0000,0.0000
0.0000,0.0000,0.0000,0.0000,0.0000,0.0000
0.0000,0.0000,0.0000,0.0000,0.0000,0.0000
0.0000,0.0000,0.0000,0.0000,0.0000,0.0000
0.0000,0.0000,0.0000,0.0000,0.0000,0.0000
0.0000,0.0000,0.0000,0.0000,0.0000,0.0000
0.0000,0.0000,0.0000,0.0000,0.0000,0.0000
0.0000,0.0000,0.0000,0.0000,0.0000,0.0000
0.0000,0.0000,0.0000,0.0000,0.0000,0.0000
0.0000,0.0000,0.0000,0.0000,0.0000,0.0000
0.0000,0.0000,0.0000,0.0000,0.0000,0.0000
0.0000,0.0000,0.0000,0.0000,0.0000,0.0000
0.0000,0.0000,0.0000,0.0000,0.0000,0.0000
0.0000,0.0000,0.0000,0.0000,0.0000,0.0000
0.0000,0.0000,0.0000,0.0000,0.0000,0.0000
0.0000,0.0000,0.0000,0.0000,0.0000,0.0000
0.0000,0.0000,0.0000,0.0000,0.0000,0.0000
0.0000,0.0000,0.0000,0.0000,0.0000,0.0000
0.0000,0.0000,0.0000,0.0000,0.0000,0.0000
0.0000,0.0000,0.0000,0.0000,0.0000,0.0000
0.0000,0.0000,0.0000,0.0000,0.0000,0.0000
0.0000,0.0000,0.0000,0.0000,0.0000,0.0000
0.0000,0.0000,0.0000,0.0000,0.0000,0.0000
0.0000,0.0000,0.0000,0.0000,0.0000,0.0000
0.0000,0.0000,0.0000,0.0000,0.0000,0.0000
0.0000,0.0000,0.0000,0.0000,0.0000,0.0000
0.0000,0.0000,0.0000,0.0000,0.0000,0.0000
-2.6170,-2.6169,-2.6170,-2.6171,-11.4103,-11.3326
-2.6108,-2.6013,-2.6098,-2.6107,-9.6247,-11.0731
-2.6145,-2.6139,-2.6140,-2.6140,-9.4028,-10.3455
-2.6171,-2.6169,-2.6169,-2.6170,-7.0000,-10.2302
-2.6128,-2.6114,-2.6128,-2.6126,-11.1816,-9.4028
0.0000,0.0000,0.0000,0.0000,0.0000,0.0000
-2.6060,-2.6013,-2.6046,-2.6046,-9.7872,-7.0000
-2.5552,-2.5481,-2.5552,-2.5552,-7.0000,-9.9063
-2.5842,-2.5762,-2.5842,-2.5895,-10.4867,-10.4116
-2.6025,-2.5778,-2.6014,-2.6026,-11.1117,-10.2145
-2.6126,-2.6115,-2.6126,-2.6132,-10.2148,-9.9935
0.0000,0.0000,0.0000,0.0000,0.0000,0.0000
-2.5998,-2.5914,-2.6008,-2.6006,-7.0000,-7.0000
-2.6108,-2.6102,-2.6107,-2.6095,-10.6805,-11.2745
-2.5720,-2.5043,-2.5720,-2.5772,-7.0000,-7.0000
-2.5140,-2.3204,-2.5324,-2.5324,-7.0000,-7.0000
-2.5077,-2.3206,-2.5271,-2.5187,-10.6486,-10.9640
0.0000,0.0000,0.0000,0.0000,0.0000,0.0000
-2.1537,-1.8398,-2.2131,-2.2131,-10.4393,-7.0000
-2.5720,-2.5789,-2.5524,-2.5571,-2.5042,-11.1640
-2.3213,-2.3474,-2.3538,-2.3213,-1.8391,-9.9063
-2.4438,-2.5361,-2.4669,-2.5012,-2.3204,-10.3399
-2.1259,-2.0209,-2.0901,-2.1259,0.6814,-7.0000
0.0000,0.0000,0.0000,0.0000,0.0000,0.0000
-2.5145,-2.4340,-2.5380,-2.5417,-11.1375,-2.5312
-1.9692,-1.3578,-2.2574,-1.9513,-9.4028,-2.1546
-2.4244,-2.1366,-2.4244,-2.4244,-11.0136,-2.4311
-0.0822,2.7207,-1.8637,-0.0822,-9.6247,-1.8814
11.3307,5.4156,7.7401,7.9520,1.6520,20.0000
